{"k=1,r=1,v=most_voted,r=nr": [1.0, 1.0, 1.0, 1.0, 1.0, 1.0, 1.0, 1.0, 1.0, 1.0], "k=1,r=1,v=most_voted,r=ar": [1.0, 1.0, 1.0, 1.0, 1.0, 1.0, 1.0, 1.0, 1.0, 1.0], "k=1,r=1,v=most_voted,r=df": [1.0, 1.0, 1.0, 1.0, 1.0, 1.0, 1.0, 1.0, 1.0, 1.0], "k=1,r=1,v=most_voted,r=dd": [1.0, 1.0, 1.0, 1.0, 1.0, 1.0, 1.0, 1.0, 1.0, 1.0], "k=1,r=1,v=modified plurality,r=nr": [1.0, 1.0, 1.0, 1.0, 1.0, 1.0, 1.0, 1.0, 1.0, 1.0], "k=1,r=1,v=modified plurality,r=ar": [1.0, 1.0, 1.0, 1.0, 1.0, 1.0, 1.0, 1.0, 1.0, 1.0], "k=1,r=1,v=modified plurality,r=df": [1.0, 1.0, 1.0, 1.0, 1.0, 1.0, 1.0, 1.0, 1.0, 1.0], "k=1,r=1,v=modified plurality,r=dd": [1.0, 1.0, 1.0, 1.0, 1.0, 1.0, 1.0, 1.0, 1.0, 1.0], "k=1,r=2,v=most_voted,r=nr": [1.0, 1.0, 1.0, 1.0, 1.0, 1.0, 1.0, 1.0, 1.0, 1.0], "k=1,r=2,v=most_voted,r=ar": [1.0, 1.0, 1.0, 1.0, 1.0, 1.0, 1.0, 1.0, 1.0, 1.0], "k=1,r=2,v=most_voted,r=df": [1.0, 1.0, 1.0, 1.0, 1.0, 1.0, 1.0, 1.0, 1.0, 1.0], "k=1,r=2,v=most_voted,r=dd": [1.0, 1.0, 1.0, 1.0, 1.0, 1.0, 1.0, 1.0, 1.0, 1.0], "k=1,r=2,v=modified plurality,r=nr": [1.0, 1.0, 1.0, 1.0, 1.0, 1.0, 1.0, 1.0, 1.0, 1.0], "k=1,r=2,v=modified plurality,r=ar": [1.0, 1.0, 1.0, 1.0, 1.0, 1.0, 1.0, 1.0, 1.0, 1.0], "k=1,r=2,v=modified plurality,r=df": [1.0, 1.0, 1.0, 1.0, 1.0, 1.0, 1.0, 1.0, 1.0, 1.0], "k=1,r=2,v=modified plurality,r=dd": [1.0, 1.0, 1.0, 1.0, 1.0, 1.0, 1.0, 1.0, 1.0, 1.0], "k=1,r=3,v=most_voted,r=nr": [1.0, 1.0, 1.0, 1.0, 1.0, 1.0, 1.0, 1.0, 1.0, 1.0], "k=1,r=3,v=most_voted,r=ar": [1.0, 1.0, 1.0, 1.0, 1.0, 1.0, 1.0, 1.0, 1.0, 1.0], "k=1,r=3,v=most_voted,r=df": [1.0, 1.0, 1.0, 1.0, 1.0, 1.0, 1.0, 1.0, 1.0, 1.0], "k=1,r=3,v=most_voted,r=dd": [1.0, 1.0, 1.0, 1.0, 1.0, 1.0, 1.0, 1.0, 1.0, 1.0], "k=1,r=3,v=modified plurality,r=nr": [1.0, 1.0, 1.0, 1.0, 1.0, 1.0, 1.0, 1.0, 1.0, 1.0], "k=1,r=3,v=modified plurality,r=ar": [1.0, 1.0, 1.0, 1.0, 1.0, 1.0, 1.0, 1.0, 1.0, 1.0], "k=1,r=3,v=modified plurality,r=df": [1.0, 1.0, 1.0, 1.0, 1.0, 1.0, 1.0, 1.0, 1.0, 1.0], "k=1,r=3,v=modified plurality,r=dd": [1.0, 1.0, 1.0, 1.0, 1.0, 1.0, 1.0, 1.0, 1.0, 1.0], "k=3,r=1,v=most_voted,r=nr": [0.9981851179673321, 0.9981785063752276, 0.9972727272727273, 0.997270245677889, 0.9972677595628415, 0.9954627949183303, 0.9990884229717412, 0.9981785063752276, 0.9981785063752276, 0.9954545454545455], "k=3,r=1,v=most_voted,r=ar": [0.9981851179673321, 0.9981785063752276, 0.9972727272727273, 0.997270245677889, 0.9963570127504554, 0.9954627949183303, 0.9990884229717412, 0.9972677595628415, 0.9981785063752276, 0.9954545454545455], "k=3,r=1,v=most_voted,r=df": [0.9981851179673321, 0.9981785063752276, 0.9972727272727273, 0.997270245677889, 0.9972677595628415, 0.9954627949183303, 0.9990884229717412, 0.9981785063752276, 0.9981785063752276, 0.9954545454545455], "k=3,r=1,v=most_voted,r=dd": [0.9981851179673321, 0.9981785063752276, 0.9972727272727273, 0.997270245677889, 0.9972677595628415, 0.9954627949183303, 0.9990884229717412, 0.9981785063752276, 0.9981785063752276, 0.9954545454545455], "k=3,r=1,v=modified plurality,r=nr": [0.9981851179673321, 0.9981785063752276, 0.9972727272727273, 0.997270245677889, 0.9972677595628415, 0.9954627949183303, 0.9990884229717412, 0.9981785063752276, 0.9981785063752276, 0.9954545454545455], "k=3,r=1,v=modified plurality,r=ar": [0.9981851179673321, 0.9981785063752276, 0.9972727272727273, 0.997270245677889, 0.9963570127504554, 0.9954627949183303, 0.9990884229717412, 0.9972677595628415, 0.9981785063752276, 0.9954545454545455], "k=3,r=1,v=modified plurality,r=df": [0.9981851179673321, 0.9981785063752276, 0.9972727272727273, 0.997270245677889, 0.9972677595628415, 0.9954627949183303, 0.9990884229717412, 0.9981785063752276, 0.9981785063752276, 0.9954545454545455], "k=3,r=1,v=modified plurality,r=dd": [0.9981851179673321, 0.9981785063752276, 0.9972727272727273, 0.997270245677889, 0.9972677595628415, 0.9954627949183303, 0.9990884229717412, 0.9981785063752276, 0.9981785063752276, 0.9954545454545455], "k=3,r=2,v=most_voted,r=nr": [0.9972776769509982, 0.9981785063752276, 0.9972727272727273, 0.9945404913557779, 0.9954462659380692, 0.9972776769509982, 0.9981768459434822, 0.9963570127504554, 0.9981785063752276, 0.9963636363636363], "k=3,r=2,v=most_voted,r=ar": [0.9972776769509982, 0.9981785063752276, 0.9972727272727273, 0.9945404913557779, 0.9954462659380692, 0.9963702359346642, 0.9981768459434822, 0.9963570127504554, 0.9981785063752276, 0.9963636363636363], "k=3,r=2,v=most_voted,r=df": [0.9972776769509982, 0.9981785063752276, 0.9972727272727273, 0.9945404913557779, 0.9954462659380692, 0.9972776769509982, 0.9981768459434822, 0.9963570127504554, 0.9981785063752276, 0.9963636363636363], "k=3,r=2,v=most_voted,r=dd": [0.9972776769509982, 0.9981785063752276, 0.9972727272727273, 0.9945404913557779, 0.9954462659380692, 0.9972776769509982, 0.9981768459434822, 0.9963570127504554, 0.9981785063752276, 0.9963636363636363], "k=3,r=2,v=modified plurality,r=nr": [0.9972776769509982, 0.9981785063752276, 0.9972727272727273, 0.9945404913557779, 0.9954462659380692, 0.9972776769509982, 0.9981768459434822, 0.9963570127504554, 0.9981785063752276, 0.9963636363636363], "k=3,r=2,v=modified plurality,r=ar": [0.9972776769509982, 0.9981785063752276, 0.9972727272727273, 0.9945404913557779, 0.9954462659380692, 0.9963702359346642, 0.9981768459434822, 0.9963570127504554, 0.9981785063752276, 0.9963636363636363], "k=3,r=2,v=modified plurality,r=df": [0.9972776769509982, 0.9981785063752276, 0.9972727272727273, 0.9945404913557779, 0.9954462659380692, 0.9972776769509982, 0.9981768459434822, 0.9963570127504554, 0.9981785063752276, 0.9963636363636363], "k=3,r=2,v=modified plurality,r=dd": [0.9972776769509982, 0.9981785063752276, 0.9972727272727273, 0.9945404913557779, 0.9954462659380692, 0.9972776769509982, 0.9981768459434822, 0.9963570127504554, 0.9981785063752276, 0.9963636363636363], "k=3,r=3,v=most_voted,r=nr": [0.9972776769509982, 0.9963570127504554, 0.9981818181818182, 0.9945404913557779, 0.9963570127504554, 0.9972776769509982, 0.9981768459434822, 0.9963570127504554, 0.9972677595628415, 0.9954545454545455], "k=3,r=3,v=most_voted,r=ar": [0.9972776769509982, 0.9963570127504554, 0.9972727272727273, 0.9936305732484076, 0.9963570127504554, 0.9972776769509982, 0.9981768459434822, 0.9963570127504554, 0.9972677595628415, 0.9954545454545455], "k=3,r=3,v=most_voted,r=df": [0.9972776769509982, 0.9963570127504554, 0.9981818181818182, 0.9945404913557779, 0.9963570127504554, 0.9972776769509982, 0.9981768459434822, 0.9963570127504554, 0.9972677595628415, 0.9954545454545455], "k=3,r=3,v=most_voted,r=dd": [0.9972776769509982, 0.9963570127504554, 0.9981818181818182, 0.9945404913557779, 0.9963570127504554, 0.9972776769509982, 0.9981768459434822, 0.9963570127504554, 0.9972677595628415, 0.9954545454545455], "k=3,r=3,v=modified plurality,r=nr": [0.9972776769509982, 0.9963570127504554, 0.9981818181818182, 0.9945404913557779, 0.9963570127504554, 0.9972776769509982, 0.9981768459434822, 0.9963570127504554, 0.9972677595628415, 0.9954545454545455], "k=3,r=3,v=modified plurality,r=ar": [0.9972776769509982, 0.9963570127504554, 0.9972727272727273, 0.9936305732484076, 0.9963570127504554, 0.9972776769509982, 0.9981768459434822, 0.9963570127504554, 0.9972677595628415, 0.9954545454545455], "k=3,r=3,v=modified plurality,r=df": [0.9972776769509982, 0.9963570127504554, 0.9981818181818182, 0.9945404913557779, 0.9963570127504554, 0.9972776769509982, 0.9981768459434822, 0.9963570127504554, 0.9972677595628415, 0.9954545454545455], "k=3,r=3,v=modified plurality,r=dd": [0.9972776769509982, 0.9963570127504554, 0.9981818181818182, 0.9945404913557779, 0.9963570127504554, 0.9972776769509982, 0.9981768459434822, 0.9963570127504554, 0.9972677595628415, 0.9954545454545455], "k=5,r=1,v=most_voted,r=nr": [0.9954627949183303, 0.9954462659380692, 0.9954545454545455, 0.9927206551410374, 0.994535519125683, 0.9927404718693285, 0.9981768459434822, 0.9963570127504554, 0.9963570127504554, 0.9936363636363637],