{"k=1,r=1,v=most_voted,r=nr": [1.0, 1.0, 1.0, 1.0, 1.0, 1.0, 1.0, 1.0, 1.0, 1.0], "k=1,r=1,v=most_voted,r=ar": [1.0, 1.0, 1.0, 1.0, 1.0, 1.0, 1.0, 1.0, 1.0, 1.0], "k=1,r=1,v=most_voted,r=df": [1.0, 1.0, 1.0, 1.0, 1.0, 1.0, 1.0, 1.0, 1.0, 1.0], "k=1,r=1,v=most_voted,r=dd": [1.0, 1.0, 1.0, 1.0, 1.0, 1.0, 1.0, 1.0, 1.0, 1.0], "k=1,r=1,v=modified plurality,r=nr": [1.0, 1.0, 1.0, 1.0, 1.0, 1.0, 1.0, 1.0, 1.0, 1.0], "k=1,r=1,v=modified plurality,r=ar": [1.0, 1.0, 1.0, 1.0, 1.0, 1.0, 1.0, 1.0, 1.0, 1.0], "k=1,r=1,v=modified plurality,r=df": [1.0, 1.0, 1.0, 1.0, 1.0, 1.0, 1.0, 1.0, 1.0, 1.0], "k=1,r=1,v=modified plurality,r=dd": [1.0, 1.0, 1.0, 1.0, 1.0, 1.0, 1.0, 1.0, 1.0, 1.0], "k=1,r=2,v=most_voted,r=nr": [1.0, 1.0, 1.0, 1.0, 1.0, 1.0, 1.0, 1.0, 1.0, 1.0], "k=1,r=2,v=most_voted,r=ar": [1.0, 1.0, 1.0, 1.0, 1.0, 1.0, 1.0, 1.0, 1.0, 1.0], "k=1,r=2,v=most_voted,r=df": [1.0, 1.0, 1.0, 1.0, 1.0, 1.0, 1.0, 1.0, 1.0, 1.0], "k=1,r=2,v=most_voted,r=dd": [1.0, 1.0, 1.0, 1.0, 1.0, 1.0, 1.0, 1.0, 1.0, 1.0], "k=1,r=2,v=modified plurality,r=nr": [1.0, 1.0, 1.0, 1.0, 1.0, 1.0, 1.0, 1.0, 1.0, 1.0], "k=1,r=2,v=modified plurality,r=ar": [1.0, 1.0, 1.0, 1.0, 1.0, 1.0, 1.0, 1.0, 1.0, 1.0], "k=1,r=2,v=modified plurality,r=df": [1.0, 1.0, 1.0, 1.0, 1.0, 1.0, 1.0, 1.0, 1.0, 1.0], "k=1,r=2,v=modified plurality,r=dd": [1.0, 1.0, 1.0, 1.0, 1.0, 1.0, 1.0, 1.0, 1.0, 1.0], "k=1,r=3,v=most_voted,r=nr": [1.0, 1.0, 1.0, 1.0, 1.0, 1.0, 1.0, 1.0, 1.0, 1.0], "k=1,r=3,v=most_voted,r=ar": [1.0, 1.0, 1.0, 1.0, 1.0, 1.0, 1.0, 1.0, 1.0, 1.0], "k=1,r=3,v=most_voted,r=df": [1.0, 1.0, 1.0, 1.0, 1.0, 1.0, 1.0, 1.0, 1.0, 1.0], "k=1,r=3,v=most_voted,r=dd": [1.0, 1.0, 1.0, 1.0, 1.0, 1.0, 1.0, 1.0, 1.0, 1.0], "k=1,r=3,v=modified plurality,r=nr": [1.0, 1.0, 1.0, 1.0, 1.0, 1.0, 1.0, 1.0, 1.0, 1.0], "k=1,r=3,v=modified plurality,r=ar": [1.0, 1.0, 1.0, 1.0, 1.0, 1.0, 1.0, 1.0, 1.0, 1.0], "k=1,r=3,v=modified plurality,r=df": [1.0, 1.0, 1.0, 1.0, 1.0, 1.0, 1.0, 1.0, 1.0, 1.0], "k=1,r=3,v=modified plurality,r=dd": [1.0, 1.0, 1.0, 1.0, 1.0, 1.0, 1.0, 1.0, 1.0, 1.0], "k=3,r=1,v=most_voted,r=nr": [0.9784977908689249, 0.9808541973490427, 0.9776141384388807, 0.9799587385794283, 0.9779086892488954, 0.9717231222385861, 0.977319587628866, 0.978491455509723, 0.9782096584216725, 0.979381443298969], "k=3,r=1,v=most_voted,r=ar": [0.9670103092783505, 0.9711340206185567, 0.9693667157584683, 0.969053934571176, 0.9687776141384389, 0.9569955817378498, 0.9658321060382916, 0.9708308780200353, 0.967020023557126, 0.9711340206185567], "k=3,r=1,v=most_voted,r=df": [0.9749631811487481, 0.9779086892488954, 0.9743740795287187, 0.9770114942528736, 0.9737849779086892, 0.9628865979381444, 0.9720176730486009, 0.9755450795521509, 0.9734982332155477, 0.9770250368188512], "k=3,r=1,v=most_voted,r=dd": [0.9699558173784978, 0.9734904270986745, 0.9705449189985272, 0.9722959033303861, 0.9705449189985272, 0.9593519882179676, 0.96759941089838, 0.971714790807307, 0.9687868080094229, 0.9726067746686303], "k=3,r=1,v=modified plurality,r=nr": [0.9784977908689249, 0.9808541973490427, 0.9776141384388807, 0.9799587385794283, 0.9779086892488954, 0.9717231222385861, 0.977319587628866, 0.978491455509723, 0.9782096584216725, 0.979381443298969], "k=3,r=1,v=modified plurality,r=ar": [0.9670103092783505, 0.9711340206185567, 0.9693667157584683, 0.969053934571176, 0.9687776141384389, 0.9569955817378498, 0.9658321060382916, 0.9708308780200353, 0.967020023557126, 0.9711340206185567], "k=3,r=1,v=modified plurality,r=df": [0.9749631811487481, 0.9779086892488954, 0.9743740795287187, 0.9770114942528736, 0.9737849779086892, 0.9628865979381444, 0.9720176730486009, 0.9755450795521509, 0.9734982332155477, 0.9770250368188512], "k=3,r=1,v=modified plurality,r=dd": [0.9699558173784978, 0.9734904270986745, 0.9705449189985272, 0.9722959033303861, 0.9705449189985272, 0.9593519882179676, 0.96759941089838, 0.971714790807307, 0.9687868080094229, 0.9726067746686303], "k=3,r=2,v=most_voted,r=nr": [0.9776141384388807, 0.9787923416789396, 0.9787923416789396, 0.97789566755084, 0.9767304860088365, 0.970839469808542, 0.9764359351988218, 0.9767236299351797, 0.9764428739693758, 0.9796759941089838], "k=3,r=2,v=most_voted,r=ar": [0.9696612665684831, 0.9720176730486009, 0.9720176730486009, 0.9725906277630415, 0.9693667157584683, 0.9575846833578793, 0.9684830633284242, 0.9705362404242781, 0.9681978798586572, 0.9720176730486009], "k=3,r=2,v=most_voted,r=df": [0.9734904270986745, 0.9755522827687776, 0.9752577319587629, 0.9749484232242853, 0.9726067746686303, 0.9628865979381444, 0.9723122238586156, 0.9725987035945787, 0.9717314487632509, 0.977319587628866], "k=3,r=2,v=most_voted,r=dd": [0.9714285714285714, 0.9731958762886598, 0.9726067746686303, 0.9731800766283525, 0.9705449189985272, 0.9590574374079529, 0.9696612665684831, 0.9711255156157925, 0.9693757361601885, 0.9737849779086892], "k=3,r=2,v=modified plurality,r=nr": [0.9776141384388807, 0.9787923416789396, 0.9787923416789396, 0.97789566755084, 0.9767304860088365, 0.970839469808542, 0.9764359351988218, 0.9767236299351797, 0.9764428739693758, 0.9796759941089838], "k=3,r=2,v=modified plurality,r=ar": [0.9696612665684831, 0.9720176730486009, 0.9720176730486009, 0.9725906277630415, 0.9693667157584683, 0.9575846833578793, 0.9684830633284242, 0.9705362404242781, 0.9681978798586572, 0.9720176730486009], "k=3,r=2,v=modified plurality,r=df": [0.9734904270986745, 0.9755522827687776, 0.9752577319587629, 0.9749484232242853, 0.9726067746686303, 0.9628865979381444, 0.9723122238586156, 0.9725987035945787, 0.9717314487632509, 0.977319587628866], "k=3,r=2,v=modified plurality,r=dd": [0.9714285714285714, 0.9731958762886598, 0.9726067746686303, 0.9731800766283525, 0.9705449189985272, 0.9590574374079529, 0.9696612665684831, 0.9711255156157925, 0.9693757361601885, 0.9737849779086892], "k=3,r=3,v=most_voted,r=nr": [0.977319587628866, 0.9787923416789396, 0.9784977908689249, 0.9781903919834954, 0.9787923416789396, 0.9699558173784978, 0.9776141384388807, 0.9779021803182086, 0.9776207302709069, 0.9790868924889543], "k=3,r=3,v=most_voted,r=ar": [0.9696612665684831, 0.9714285714285714, 0.9714285714285714, 0.9714117300324197, 0.970839469808542, 0.9572901325478645, 0.9687776141384389, 0.9705362404242781, 0.96849234393404, 0.9720176730486009], "k=3,r=3,v=most_voted,r=df": [0.972901325478645, 0.9749631811487481, 0.974079528718704, 0.9743589743589743, 0.974079528718704, 0.9625920471281296, 0.972901325478645, 0.9734826163818503, 0.9717314487632509, 0.9758468335787923], "k=3,r=3,v=most_voted,r=dd": [0.9711340206185567, 0.9726067746686303, 0.9723122238586156, 0.9722959033303861, 0.9720176730486009, 0.9587628865979382, 0.9699558173784978, 0.971714790807307, 0.9690812720848057, 0.9731958762886598], "k=3,r=3,v=modified plurality,r=nr": [0.977319587628866, 0.9787923416789396, 0.9784977908689249, 0.9781903919834954, 0.9787923416789396, 0.9699558173784978, 0.9776141384388807, 0.9779021803182086, 0.9776207302709069, 0.9790868924889543], "k=3,r=3,v=modified plurality,r=ar": [0.9696612665684831, 0.9714285714285714, 0.9714285714285714, 0.9714117300324197, 0.970839469808542, 0.9572901325478645, 0.9687776141384389, 0.9705362404242781, 0.96849234393404, 0.9720176730486009], "k=3,r=3,v=modified plurality,r=df": [0.972901325478645, 0.9749631811487481, 0.974079528718704, 0.9743589743589743, 0.974079528718704, 0.9625920471281296, 0.972901325478645, 0.9734826163818503, 0.9717314487632509, 0.9758468335787923], "k=3,r=3,v=modified plurality,r=dd": [0.9711340206185567, 0.9726067746686303, 0.9723122238586156, 0.9722959033303861, 0.9720176730486009, 0.9587628865979382, 0.9699558173784978, 0.971714790807307, 0.9690812720848057, 0.9731958762886598], "k=5,r=1,v=most_voted,r=nr": [0.9749631811487481, 0.9737849779086892, 0.972901325478645, 0.9737695254936635, 0.9726067746686303, 0.9652430044182622, 0.9726067746686303, 0.9731879787860931, 0.9734982332155477, 0.9770250368188512],